Phase,Points,PointsMillions,Waves,AvgWavesPerPlayer,DeployedPlayers,MissedDeployments,TotalDeployedGP
2,737828099,737.828099,742,14.84,46,0,609453099
3,771356141,771.356141,756,15.12,46,4,608791141
4,820116003,820.116003,527,10.54,49,1,644177186
5,799654940,799.65494,488,9.76,48,2,631197549
6,770384461,770.384461,227,4.54,48,2,630888235
